420_0100.png,0
482_0150.png,1
837_0162.png,0
278_0289.png,0
949_0533.png,0
565_0167.png,0
388_0075.png,0
284_0284.png,0
552_0139.png,0
982_0339.png,0
909_0140.png,0
947_0012.png,0
134_0317.png,0
261_0472.png,0
682_0103.png,0
462_0491.png,0
895_0244.png,0
824_0504.png,0
982_0600.png,0
388_0353.png,0
084_0132.png,0
904_0265.png,0
452_0018.png,0
445_0419.png,0
906_0073.png,0
567_0029.png,0
288_0058.png,0
566_0040.png,0
851_0114.png,0
932_0057.png,0
932_0352.png,0
623_0327.png,0
468_0394.png,0
564_0223.png,0
084_0354.png,0
245_0063.png,0
675_0046.png,0
175_0312.png,0
386_0240.png,0
922_0479.png,0
316_0078.png,0
812_0207.png,0
423_0621.png,0
682_0732.png,0
824_0118.png,0
824_0006.png,0
820_0443.png,0
325_1018.png,0
949_0180.png,0
953_0214.png,0
325_1337.png,0
494_0435.png,0
453_0263.png,0
485_0240.png,0
865_0020.png,0
634_0008.png,0
617_0142.png,0
402_0051.png,0
949_0117.png,0
649_0689.png,0
354_0333.png,0
923_0260.png,0
047_0029.png,0
801_0009.png,0
599_0041.png,0
254_0292.png,0
794_0589.png,0
321_0261.png,0
898_0169.png,0
381_0375.png,0
714_0387.png,0
102_0191.png,0
924_0125.png,0
321_0378.png,0
321_0080.png,0
669_0298.png,0
227_0082.png,0
564_0237.png,0
953_0181.png,0
114_0309.png,0
114_0958.png,0
023_0075.png,0
233_0285.png,0
161_0241.png,0
922_0010.png,0
529_0324.png,0
362_0166.png,0
932_0345.png,0
660_0011.png,0
254_0365.png,0
980_0150.png,0
115_0057.png,0
720_0072.png,0
376_0171.png,0
488_0126.png,0
404_0583.png,0
995_0237.png,0
176_0269.png,0
851_0258.png,0
958_0114.png,0
746_0223.png,0
638_0171.png,0
842_0263.png,0
939_0016.png,0
159_0051.png,0
855_0158.png,0
306_0370.png,0
724_0465.png,0
529_0321.png,0
352_0003.png,0
471_0066.png,0
169_0470.png,0
142_0118.png,0
480_0111.png,0
945_0658.png,0
319_0289.png,0
847_0072.png,0
488_0236.png,0
956_0297.png,0
595_0048.png,0
926_0202.png,0
705_0381.png,0
306_0623.png,0
661_0204.png,0
367_0266.png,0
661_0029.png,0
705_0036.png,0
729_0208.png,0
233_0502.png,0
947_0374.png,0
705_0366.png,0
672_0189.png,0
924_1091.png,0
691_0096.png,0
048_0408.png,0
470_0710.png,0
255_0265.png,0
898_0251.png,0
982_0390.png,0
134_0117.png,0
480_0177.png,0
664_0043.png,0
379_0005.png,0
794_0704.png,0
707_0415.png,0
731_0017.png,0
376_0018.png,0
128_0577.png,0
529_0004.png,0
820_0055.png,0
192_0012.png,0
745_0281.png,0
104_0433.png,0
847_0242.png,0
842_0381.png,0
731_0028.png,0
370_0272.png,0
249_0416.png,0
104_0148.png,0
012_0334.png,0
664_0002.png,0
471_0321.png,0
647_0646.png,0
488_0367.png,0
138_0167.png,0
470_0683.png,0
029_0253.png,0
455_0360.png,0
560_0180.png,0
852_0363.png,0
402_0137.png,0
419_0170.png,0
358_0184.png,0
443_0393.png,0
154_0214.png,0
015_0176.png,0
668_0326.png,0
675_0418.png,0
046_0195.png,0
445_0357.png,0
169_0385.png,0
170_0078.png,0
480_0072.png,0
161_0240.png,0
078_0040.png,0
440_0056.png,0
895_0192.png,0
672_0133.png,0
443_0099.png,0
115_0047.png,0
145_0239.png,0
837_0295.png,0
233_0060.png,0
777_0294.png,0
992_0595.png,0
567_0117.png,0
220_0051.png,0
364_0310.png,0
419_0073.png,0
135_0247.png,0
896_0034.png,0
924_0331.png,0
labels_real.csv,0
564_0607.png,0
705_0387.png,0
832_0192.png,0
917_0009.png,0
909_0448.png,0
029_0317.png,0
115_0065.png,0
622_0101.png,0
389_0190.png,0
768_0168.png,0
762_0139.png,0
299_0104.png,0
945_0421.png,0
608_0486.png,0
402_0134.png,0
731_0571.png,0
389_0213.png,0
755_0276.png,0
925_0066.png,0
468_0155.png,0
404_0243.png,0
419_0064.png,0
471_0371.png,0
982_0487.png,0
084_0293.png,0
354_0389.png,0
159_0095.png,0
161_0044.png,0
443_0578.png,0
623_0285.png,0
227_0265.png,0
775_0072.png,0
347_0312.png,0
468_0289.png,0
538_0431.png,0
909_0219.png,0
702_0689.png,0
362_0321.png,0
423_0888.png,0
423_0978.png,0
909_0558.png,0
347_0143.png,0
857_0085.png,0
470_0712.png,0
857_0435.png,0
420_0335.png,0
145_0036.png,0
669_0003.png,0
992_0151.png,0
565_0362.png,0
742_0249.png,0
794_0758.png,0
423_1332.png,0
015_0022.png,0
625_0281.png,0
047_0129.png,0
597_0189.png,0
933_0372.png,0
979_0137.png,0
192_0258.png,0
650_0194.png,0
472_0472.png,0
650_0104.png,0
219_0066.png,0
538_0236.png,0
865_0031.png,0
421_0135.png,0
579_0278.png,0
399_0679.png,0
807_0633.png,0
566_0091.png,0
683_0024.png,0
485_0758.png,0
683_0074.png,0
820_0499.png,0
597_0188.png,0
992_0698.png,0
548_0042.png,0
176_0149.png,0
895_0222.png,0
347_0337.png,0
254_0259.png,0
169_0304.png,0
729_0011.png,0
135_0298.png,0
794_0201.png,0
186_0005.png,0
926_0091.png,0
932_0320.png,0
004_0065.png,0
257_0732.png,0
141_0219.png,0
015_0047.png,0
319_0604.png,0
036_0017.png,0
470_0437.png,0
219_0318.png,0
517_0253.png,0
379_0249.png,0
660_0214.png,0
102_0359.png,0
128_0079.png,0
759_0019.png,0
668_0256.png,0
521_0086.png,0
257_0091.png,0
550_0198.png,0
284_0288.png,0
647_0323.png,0
483_0278.png,0
625_0021.png,0
560_0342.png,0
284_0363.png,0
376_0144.png,0
724_0580.png,0
440_0372.png,0
727_0253.png,0
354_0264.png,0
793_0027.png,0
453_0377.png,0
670_0103.png,0
855_0536.png,0
479_0272.png,0
493_0168.png,0
161_0020.png,0
727_0247.png,0
564_0595.png,0
422_0129.png,0
597_0242.png,0
982_0202.png,0
793_0335.png,0
511_0274.png,0
468_0076.png,0
682_0694.png,0
912_0125.png,0
579_0407.png,0
036_0162.png,0
714_0457.png,0
470_0698.png,0
255_0226.png,0
647_0639.png,0
091_0394.png,0
134_0308.png,0
227_0106.png,0
707_1002.png,0
386_0254.png,0
608_1073.png,0
995_0067.png,0
649_0686.png,0
141_0370.png,0
956_0068.png,0
670_0350.png,0
584_0383.png,0
922_0595.png,0
420_0225.png,0
261_0291.png,0
979_0245.png,0
046_0203.png,0
557_0014.png,0
820_0110.png,0
924_1076.png,0
402_0384.png,0
485_0702.png,0
682_0729.png,0
707_0898.png,0
319_0615.png,0
895_0207.png,0
775_0557.png,0
566_0046.png,0
922_0486.png,0
480_0484.png,0
142_0286.png,0
483_0130.png,0
480_0133.png,0
979_0285.png,0
857_0415.png,0
567_0269.png,0
342_0222.png,0
820_0646.png,0
560_0080.png,0
467_0215.png,0
429_0409.png,0
731_0191.png,0
404_0280.png,0
321_0538.png,0
352_0192.png,0
571_0309.png,0
746_0294.png,0
745_0189.png,0
924_0286.png,0
617_0078.png,0
455_0106.png,0
991_0043.png,0
381_0290.png,0
793_0421.png,0
233_0601.png,0
956_0491.png,0
135_0303.png,0
421_0078.png,0
558_0165.png,0
949_0590.png,0
350_0037.png,0
316_0282.png,0
945_0523.png,0
762_0289.png,0
579_0313.png,0
807_0567.png,0
670_0287.png,0
254_0262.png,0
480_0058.png,0
114_0432.png,0
399_0468.png,0
440_0370.png,0
511_0606.png,0
443_0568.png,0
739_0202.png,0
973_0143.png,0
370_0104.png,0
169_0556.png,0
608_0212.png,0
321_0377.png,0
742_0225.png,0
023_0127.png,0
521_0106.png,0
714_0353.png,0
970_0364.png,0
842_0433.png,0
423_0367.png,0
672_0476.png,0
352_0291.png,0
851_0625.png,0
847_0240.png,0
198_0037.png,0
493_0195.png,0
219_0287.png,0
669_0227.png,0
589_0383.png,0
362_0017.png,0
970_0421.png,0
890_0057.png,0
794_0622.png,0
073_0188.png,0
837_0144.png,0
949_0092.png,0
354_0193.png,0
724_0227.png,0
927_0290.png,0
638_0480.png,0
725_0602.png,0
855_0489.png,0
325_1256.png,0
992_0596.png,0
823_0126.png,0
729_0195.png,0
851_0745.png,0
926_0255.png,0
945_0720.png,0
933_0228.png,0
557_0162.png,0
198_0022.png,0
170_0231.png,0
857_0381.png,0
404_0789.png,0
650_0211.png,0
599_0333.png,0
169_0203.png,0
511_0502.png,0
579_0209.png,0
494_0535.png,0
991_0182.png,0
465_0224.png,0
608_0106.png,0
731_0352.png,0
455_0205.png,0
288_0243.png,0
548_0001.png,0
288_0064.png,0
157_0150.png,0
919_0277.png,0
842_0191.png,0
584_0254.png,0
507_0402.png,0
015_0382.png,0
564_0541.png,0
742_0204.png,0
707_0676.png,0
583_0029.png,0
349_0464.png,0
973_0001.png,0
349_0201.png,0
115_0245.png,0
851_0509.png,0
820_0359.png,0
650_0182.png,0
564_0613.png,0
746_0188.png,0
794_0482.png,0
623_0248.png,0
924_1241.png,0
388_0528.png,0
249_0118.png,0
608_0264.png,0
924_0463.png,0
306_0072.png,0
091_0449.png,0
470_0612.png,0
175_0058.png,0
364_0592.png,0
494_0304.png,0
371_0472.png,0
404_0187.png,0
625_0322.png,0
420_0566.png,0
927_0410.png,0
485_0509.png,0
970_0441.png,0
933_0179.png,0
794_0400.png,0
995_0205.png,0
720_0138.png,0
114_0255.png,0
912_0523.png,0
675_0281.png,0
991_0367.png,0
834_0179.png,0
842_0397.png,0
306_0725.png,0
951_0082.png,0
958_0169.png,0
233_0173.png,0
565_0277.png,0
898_0248.png,0
376_0132.png,0
538_0202.png,0
589_0614.png,0
399_0415.png,0
104_0344.png,0
142_0136.png,0
607_0111.png,0
649_0786.png,0
597_0200.png,0
974_0296.png,0
416_0231.png,0
308_0160.png,0
585_0165.png,0
640_0130.png,0
104_0125.png,0
691_0429.png,0
364_0199.png,0
823_0008.png,0
367_0099.png,0
114_0707.png,0
492_0106.png,0
714_0463.png,0
404_0038.png,0
650_0260.png,0
550_0034.png,0
420_0436.png,0
599_0050.png,0
824_0182.png,0
470_0465.png,0
000_0066.png,0
421_0106.png,0
560_0089.png,0
550_0079.png,0
418_0182.png,0
169_0023.png,0
157_0120.png,0
015_0120.png,0
044_0305.png,0
035_0322.png,0
924_0977.png,0
933_0481.png,0
280_0549.png,0
702_0518.png,0
701_0010.png,0
219_0275.png,0
617_0301.png,0
376_0026.png,0
980_0098.png,0
827_0192.png,0
479_0301.png,0
661_0495.png,0
548_0336.png,0
422_0236.png,0
186_0318.png,0
371_0607.png,0
746_0433.png,0
135_0018.png,0
141_0030.png,0
775_0103.png,0
257_0602.png,0
026_0029.png,0
154_0567.png,0
973_0265.png,0
670_0234.png,0
116_0124.png,0
369_0283.png,0
564_0129.png,0
701_0290.png,0
465_0208.png,0
142_0212.png,0
233_0614.png,0
821_0209.png,0
483_0167.png,0
467_0318.png,0
029_0332.png,0
169_0384.png,0
078_0271.png,0
198_0199.png,0
834_0275.png,0
583_0036.png,0
325_0361.png,0
746_0239.png,0
114_0843.png,0
924_0338.png,0
647_0085.png,0
660_0072.png,0
979_0133.png,0
284_0050.png,0
493_0358.png,0
857_0247.png,0
454_0314.png,0
955_0261.png,0
898_0098.png,0
656_0085.png,0
586_0308.png,0
386_0223.png,0
612_0205.png,0
548_0027.png,0
560_0051.png,0
470_0103.png,0
742_0005.png,0
319_0187.png,0
467_0238.png,0
142_0127.png,0
494_0668.png,0
933_0454.png,0
278_0028.png,0
775_0485.png,0
949_0523.png,0
319_0603.png,0
420_0799.png,0
727_0012.png,0
026_0167.png,0
900_0299.png,0
472_0399.png,0
566_0397.png,0
589_0342.png,0
875_0358.png,0
980_0311.png,0
249_0518.png,0
000_0347.png,0
227_0370.png,0
571_0391.png,0
851_0237.png,0
585_0215.png,0
583_0181.png,0
046_0094.png,0
982_0703.png,0
725_0063.png,0
170_0042.png,0
159_0236.png,0
170_0190.png,0
557_0210.png,0
612_0124.png,0
388_0422.png,0
138_0342.png,0
325_0197.png,0
919_0384.png,0
104_0206.png,0
084_0146.png,0
589_0117.png,0
922_0456.png,0
106_0228.png,0
175_0045.png,0
255_0280.png,0
701_0108.png,0
953_0124.png,0
768_0273.png,0
420_0985.png,0
485_0003.png,0
485_0687.png,0
571_0276.png,0
670_0186.png,0
924_0729.png,0
821_0417.png,0
421_0150.png,0
023_0365.png,0
656_0320.png,0
742_0410.png,0
857_0631.png,0
945_0483.png,0
832_0181.png,0
471_0242.png,0
371_0050.png,0
945_0437.png,0
630_0038.png,0
617_0071.png,0
656_0471.png,0
423_0053.png,0
586_0039.png,0
923_0598.png,0
817_0037.png,0
925_0141.png,0
102_0054.png,0
319_0357.png,0
278_0367.png,0
423_0393.png,0
314_0347.png,0
571_0435.png,0
947_0356.png,0
091_0615.png,0
779_0173.png,0
420_0294.png,0
812_0320.png,0
362_0134.png,0
732_0202.png,0
370_0349.png,0
898_0276.png,0
273_0260.png,0
494_0489.png,0
732_0307.png,0
982_0431.png,0
623_0239.png,0
820_0630.png,0
316_0139.png,0
158_0415.png,0
925_0117.png,0
939_0431.png,0
922_0418.png,0
261_0243.png,0
724_0395.png,0
115_0121.png,0
951_0942.png,0
035_0116.png,0
114_0747.png,0
731_0457.png,0
683_0021.png,0
702_0170.png,0
423_0324.png,0
992_0408.png,0
695_0307.png,0
794_0549.png,0
898_0242.png,0
823_0182.png,0
314_0346.png,0
945_0343.png,0
746_0456.png,0
219_0324.png,0
729_0167.png,0
488_0444.png,0
418_0017.png,0
675_0289.png,0
906_0220.png,0
742_0169.png,0
169_0341.png,0
630_0208.png,0
608_0034.png,0
126_0186.png,0
720_0504.png,0
731_0720.png,0
852_0164.png,0
915_0324.png,0
423_0857.png,0
048_0262.png,0
314_0159.png,0
443_0786.png,0
134_0119.png,0
470_0522.png,0
538_0453.png,0
479_0118.png,0
579_0020.png,0
612_0394.png,0
982_0250.png,0
612_0352.png,0
261_0258.png,0
949_0416.png,0
633_0035.png,0
142_0051.png,0
707_0342.png,0
919_0433.png,0
114_0813.png,0
468_0223.png,0
135_0130.png,0
606_0314.png,0
992_0633.png,0
973_0386.png,0
046_0482.png,0
048_0377.png,0
161_0312.png,0
656_0127.png,0
419_0068.png,0
801_0159.png,0
350_0270.png,0
552_0012.png,0
992_0307.png,0
048_0451.png,0
875_0154.png,0
161_0060.png,0
552_0220.png,0
254_0121.png,0
632_0010.png,0
919_0178.png,0
386_0303.png,0
198_0183.png,0
214_0087.png,0
638_0154.png,0
517_0270.png,0
973_0054.png,0
349_0072.png,0
159_0189.png,0
980_0145.png,0
566_0115.png,0
909_0502.png,0
170_0469.png,0
042_0244.png,0
917_0035.png,0
257_0076.png,0
421_0486.png,0
529_0318.png,0
682_0594.png,0
467_0010.png,0
666_0090.png,0
114_0286.png,0
278_0327.png,0
924_0805.png,0
682_0911.png,0
706_0269.png,0
924_1093.png,0
115_0043.png,0
702_0385.png,0
350_0197.png,0
847_0286.png,0
608_1141.png,0
939_0135.png,0
816_0010.png,0
630_0207.png,0
494_0024.png,0
746_0263.png,0
421_0414.png,0
729_0182.png,0
745_0129.png,0
219_0339.png,0
325_0787.png,0
419_0386.png,0
249_0473.png,0
494_0583.png,0
511_0693.png,0
325_0759.png,0
154_0438.png,0
492_0253.png,0
254_0048.png,0
991_0327.png,0
145_0438.png,0
821_0045.png,0
668_0201.png,0
682_0611.png,0
564_0536.png,0
349_0342.png,0
724_0188.png,0
263_0123.png,0
906_0260.png,0
388_0201.png,0
482_0075.png,0
488_0405.png,0
023_0055.png,0
906_0224.png,0
953_0276.png,0
116_0302.png,0
837_0053.png,0
933_0138.png,0
134_0123.png,0
567_0235.png,0
288_0392.png,0
454_0129.png,0
527_0284.png,0
029_0327.png,0
452_0399.png,0
851_0283.png,0
479_0450.png,0
455_0287.png,0
154_0187.png,0
115_0217.png,0
775_0086.png,0
106_0195.png,0
768_0128.png,0
141_0175.png,0
832_0285.png,0
691_0501.png,0
586_0309.png,0
114_0134.png,0
325_1366.png,0
612_0037.png,0
762_0144.png,0
472_0164.png,0
422_0304.png,0
924_0249.png,0
158_0435.png,0
423_0837.png,0
421_0057.png,0
386_0001.png,0
422_0007.png,0
995_0021.png,0
035_0199.png,0
015_0163.png,0
875_0110.png,0
548_0407.png,0
650_0549.png,0
597_0064.png,0
837_0340.png,0
973_0052.png,0
423_0638.png,0
429_0141.png,0
566_0499.png,0
470_0709.png,0
514_0308.png,0
488_0159.png,0
724_0031.png,0
319_0130.png,0
314_0156.png,0
126_0305.png,0
073_0349.png,0
823_0365.png,0
091_0570.png,0
389_0005.png,0
617_0053.png,0
816_0171.png,0
347_0292.png,0
912_0126.png,0
288_0178.png,0
026_0185.png,0
507_0040.png,0
249_0480.png,0
462_0091.png,0
564_0059.png,0
682_0468.png,0
386_0129.png,0
126_0015.png,0
480_0139.png,0
386_0342.png,0
558_0283.png,0
801_0187.png,0
425_0321.png,0
552_0040.png,0
445_0920.png,0
479_0038.png,0
381_0503.png,0
273_0286.png,0
794_0337.png,0
727_0525.png,0
423_0003.png,0
492_0005.png,0
775_0298.png,0
746_0204.png,0
842_0300.png,0
004_0140.png,0
725_0212.png,0
682_0575.png,0
824_0227.png,0
227_0286.png,0
288_0075.png,0
608_0385.png,0
245_0057.png,0
775_0045.png,0
352_0376.png,0
992_0312.png,0
951_0806.png,0
042_0202.png,0
851_0579.png,0
571_0158.png,0
422_0124.png,0
925_0204.png,0
974_0144.png,0
280_0287.png,0
479_0455.png,0
823_0226.png,0
384_0281.png,0
429_0348.png,0
350_0087.png,0
420_0999.png,0
467_0314.png,0
579_0474.png,0
586_0110.png,0
638_0607.png,0
470_0472.png,0
623_0077.png,0
142_0249.png,0
015_0350.png,0
741_0202.png,0
325_1274.png,0
801_0113.png,0
922_0096.png,0
834_0053.png,0
273_0302.png,0
567_0010.png,0
794_0532.png,0
548_0490.png,0
257_0197.png,0
759_0399.png,0
739_0122.png,0
453_0224.png,0
832_0258.png,0
321_0416.png,0
514_0065.png,0
682_0681.png,0
126_0045.png,0
927_0664.png,0
227_0232.png,0
741_0062.png,0
445_1043.png,0
638_0405.png,0
420_0560.png,0
389_0199.png,0
664_0285.png,0
742_0565.png,0
924_0074.png,0
420_0401.png,0
245_0225.png,0
128_0076.png,0
161_0071.png,0
169_0491.png,0
402_0054.png,0
701_0065.png,0
777_0227.png,0
746_0340.png,0
560_0254.png,0
223_0000.png,0
947_0046.png,0
104_0059.png,0
955_0343.png,0
958_0241.png,0
980_0231.png,0
114_0582.png,0
452_0518.png,0
073_0424.png,0
647_0467.png,0
325_0368.png,0
347_0399.png,0
325_0025.png,0
682_0765.png,0
015_0201.png,0
932_0161.png,0
724_0024.png,0
386_0235.png,0
923_0014.png,0
154_0266.png,0
029_0147.png,0
349_0113.png,0
423_1547.png,0
660_0203.png,0
622_0299.png,0
695_0035.png,0
875_0314.png,0
379_0296.png,0
623_0154.png,0
347_0023.png,0
472_0463.png,0
724_0153.png,0
566_0419.png,0
647_0541.png,0
584_0325.png,0
423_0916.png,0
418_0060.png,0
273_0123.png,0
308_0341.png,0
388_0296.png,0
649_0794.png,0
958_0178.png,0
623_0092.png,0
762_0021.png,0
732_0182.png,0
233_0050.png,0
912_0164.png,0
632_0004.png,0
672_0124.png,0
389_0173.png,0
909_0084.png,0
521_0232.png,0
755_0052.png,0
775_0021.png,0
319_0648.png,0
325_1305.png,0
220_0271.png,0
386_0305.png,0
220_0018.png,0
319_0149.png,0
369_0024.png,0
064_0215.png,0
583_0313.png,0
134_0055.png,0
278_0090.png,0
350_0007.png,0
746_0112.png,0
955_0041.png,0
399_0647.png,0
141_0127.png,0
706_0220.png,0
820_0022.png,0
352_0173.png,0
702_0014.png,0
233_0115.png,0
445_0303.png,0
261_0036.png,0
923_0560.png,0
306_0528.png,0
589_0285.png,0
135_0013.png,0
399_0354.png,0
367_0639.png,0
801_0069.png,0
399_0413.png,0
423_1015.png,0
564_0469.png,0
261_0392.png,0
404_0446.png,0
656_0045.png,0
135_0015.png,0
128_0694.png,0
325_0215.png,0
579_0353.png,0
807_0603.png,0
579_0346.png,0
325_0561.png,0
135_0005.png,0
847_0293.png,0
219_0154.png,0
288_0344.png,0
091_0114.png,0
924_0671.png,0
157_0392.png,0
762_0404.png,0
023_0290.png,0
015_0116.png,0
924_0877.png,0
725_0443.png,0
912_0645.png,0
134_0274.png,0
091_0151.png,0
488_0186.png,0
979_0267.png,0
868_0255.png,0
947_0081.png,0
992_0638.png,0
548_0397.png,0
777_0131.png,0
158_0237.png,0
388_0234.png,0
732_0025.png,0
584_0466.png,0
399_0325.png,0
794_0680.png,0
102_0373.png,0
933_0096.png,0
015_0106.png,0
834_0195.png,0
992_0083.png,0
452_0179.png,0
669_0202.png,0
550_0424.png,0
440_0191.png,0
492_0281.png,0
585_0259.png,0
912_0431.png,0
399_0853.png,0
695_0177.png,0
420_0515.png,0
048_0440.png,0
511_0679.png,0
015_0290.png,0
453_0606.png,0
557_0428.png,0
608_0323.png,0
399_0395.png,0
511_0400.png,0
420_0660.png,0
820_0546.png,0
691_0375.png,0
420_0107.png,0
254_0376.png,0
816_0299.png,0
801_0052.png,0
420_0688.png,0
638_0128.png,0
695_0205.png,0
729_0308.png,0
584_0263.png,0
084_0005.png,0
691_0436.png,0
992_0216.png,0
314_0126.png,0
607_0109.png,0
445_0433.png,0
550_0228.png,0
821_0261.png,0
992_0710.png,0
280_0154.png,0
321_0298.png,0
971_0337.png,0
494_0227.png,0
367_0313.png,0
128_0467.png,0
423_0354.png,0
419_0115.png,0
308_0425.png,0
552_0189.png,0
161_0221.png,0
367_0105.png,0
358_0101.png,0
720_0232.png,0
321_0231.png,0
280_0444.png,0
682_0439.png,0
564_0206.png,0
421_0300.png,0
793_0424.png,0
044_0025.png,0
818_0390.png,0
801_0319.png,0
919_0193.png,0
564_0557.png,0
660_0023.png,0
725_0488.png,0
668_0251.png,0
731_0592.png,0
571_0169.png,0
316_0297.png,0
024_0260.png,0
325_0847.png,0
759_0000.png,0
701_0260.png,0
691_0148.png,0
595_0025.png,0
114_0253.png,0
980_0056.png,0
924_0441.png,0
742_0162.png,0
919_0481.png,0
468_0142.png,0
724_0595.png,0
970_0022.png,0
951_0148.png,0
364_0088.png,0
585_0047.png,0
566_0497.png,0
638_0058.png,0
932_0044.png,0
485_0429.png,0
145_0030.png,0
399_0350.png,0
898_0058.png,0
945_0265.png,0
875_0102.png,0
818_0259.png,0
492_0187.png,0
691_0471.png,0
622_0040.png,0
161_0267.png,0
354_0438.png,0
919_0028.png,0
321_0322.png,0
675_0169.png,0
455_0137.png,0
175_0128.png,0
566_0701.png,0
429_0130.png,0
953_0176.png,0
233_0150.png,0
278_0217.png,0
599_0318.png,0
223_0230.png,0
922_0177.png,0
514_0289.png,0
647_0485.png,0
443_0948.png,0
820_0146.png,0
154_0450.png,0
257_0674.png,0
584_0308.png,0
939_0098.png,0
824_0069.png,0
915_0004.png,0
896_0308.png,0
932_0210.png,0
376_0364.png,0
949_0549.png,0
116_0203.png,0
664_0146.png,0
632_0137.png,0
423_0383.png,0
470_0795.png,0
420_0390.png,0
926_0164.png,0
035_0109.png,0
445_0597.png,0
995_0116.png,0
640_0303.png,0
467_0299.png,0
706_0214.png,0
982_0208.png,0
623_0247.png,0
794_0272.png,0
666_0281.png,0
855_0235.png,0
823_0351.png,0
453_0368.png,0
906_0010.png,0
794_0797.png,0
660_0338.png,0
379_0101.png,0
649_0531.png,0
263_0244.png,0
249_0182.png,0
325_0092.png,0
739_0214.png,0
917_0123.png,0
325_0273.png,0
724_0212.png,0
472_0275.png,0
995_0341.png,0
980_0047.png,0
720_0544.png,0
925_0223.png,0
857_0482.png,0
896_0361.png,0
919_0362.png,0
280_0097.png,0
922_0296.png,0
493_0271.png,0
423_0303.png,0
862_0425.png,0
951_0748.png,0
896_0049.png,0
245_0096.png,0
904_0339.png,0
421_0319.png,0
900_0151.png,0
084_0028.png,0
932_0433.png,0
128_0040.png,0
775_0490.png,0
837_0037.png,0
851_0813.png,0
420_0020.png,0
316_0332.png,0
012_0060.png,0
832_0045.png,0
951_0350.png,0
638_0685.png,0
649_0750.png,0
047_0043.png,0
904_0188.png,0
404_0535.png,0
453_0231.png,0
114_1133.png,0
316_0318.png,0
319_0675.png,0
793_0529.png,0
566_0032.png,0
917_0184.png,0
278_0374.png,0
702_0746.png,0
046_0314.png,0
521_0133.png,0
793_0579.png,0
895_0055.png,0
467_0150.png,0
865_0223.png,0
745_0043.png,0
564_0490.png,0
548_0198.png,0
102_0197.png,0
135_0020.png,0
102_0220.png,0
257_0317.png,0
801_0402.png,0
739_0015.png,0
729_0489.png,0
638_0215.png,0
702_0202.png,0
472_0252.png,0
759_0050.png,0
622_0233.png,0
325_1411.png,0
471_0039.png,0
064_0056.png,0
919_0353.png,0
386_0101.png,0
912_0127.png,0
682_0274.png,0
527_0107.png,0
656_0498.png,0
661_0016.png,0
917_0294.png,0
900_0131.png,0
851_0061.png,0
980_0039.png,0
564_0329.png,0
705_0018.png,0
468_0280.png,0
852_0064.png,0
585_0083.png,0
731_0100.png,0
384_0082.png,0
347_0250.png,0
453_0105.png,0
589_0522.png,0
138_0065.png,0
169_0445.png,0
280_0244.png,0
824_0494.png,0
745_0349.png,0
664_0203.png,0
623_0034.png,0
949_0044.png,0
675_0253.png,0
820_0021.png,0
480_0458.png,0
589_0551.png,0
898_0279.png,0
023_0165.png,0
042_0069.png,0
102_0075.png,0
420_1104.png,0
141_0477.png,0
746_0356.png,0
638_0151.png,0
362_0363.png,0
705_0443.png,0
732_0275.png,0
991_0112.png,0
488_0352.png,0
044_0298.png,0
175_0116.png,0
190_0207.png,0
855_0440.png,0
128_0512.png,0
386_0196.png,0
640_0145.png,0
595_0336.png,0
904_0342.png,0
945_0489.png,0
142_0550.png,0
233_0273.png,0
727_0270.png,0
161_0011.png,0
175_0182.png,0
078_0422.png,0
494_0042.png,0
249_0142.png,0
362_0005.png,0
855_0505.png,0
198_0215.png,0
589_0567.png,0
314_0052.png,0
705_0010.png,0
306_0339.png,0
073_0223.png,0
923_0034.png,0
036_0315.png,0
192_0056.png,0
381_0311.png,0
015_0336.png,0
517_0303.png,0
817_0385.png,0
245_0230.png,0
421_0630.png,0
325_0892.png,0
219_0156.png,0
046_0416.png,0
807_0247.png,0
158_0025.png,0
453_0330.png,0
073_0144.png,0
945_0017.png,0
003_0232.png,0
729_0405.png,0
807_0376.png,0
423_0226.png,0
157_0030.png,0
154_0497.png,0
170_0394.png,0
991_0075.png,0
683_0238.png,0
046_0259.png,0
612_0402.png,0
608_0551.png,0
855_0049.png,0
953_0257.png,0
612_0139.png,0
992_0036.png,0
371_0327.png,0
714_0452.png,0
801_0010.png,0
566_0679.png,0
443_0930.png,0
471_0145.png,0
462_0423.png,0
714_0004.png,0
745_0165.png,0
661_0362.png,0
919_0385.png,0
820_0664.png,0
550_0033.png,0
192_0262.png,0
443_0460.png,0
824_0560.png,0
707_0382.png,0
319_0431.png,0
325_0257.png,0
924_0986.png,0
875_0350.png,0
084_0239.png,0
675_0216.png,0
299_0135.png,0
939_0012.png,0
245_0139.png,0
015_0343.png,0
980_0362.png,0
389_0169.png,0
650_0036.png,0
552_0214.png,0
649_0621.png,0
128_0397.png,0
284_0391.png,0
485_0000.png,0
599_0138.png,0
367_0195.png,0
951_0056.png,0
443_0449.png,0
755_0064.png,0
599_0060.png,0
900_0045.png,0
462_0042.png,0
912_0182.png,0
142_0370.png,0
558_0367.png,0
971_0292.png,0
794_0010.png,0
306_0226.png,0
862_0118.png,0
668_0129.png,0
091_0149.png,0
023_0353.png,0
445_0689.png,0
128_0069.png,0
364_0488.png,0
161_0018.png,0
527_0001.png,0
852_0052.png,0
924_0519.png,0
720_0401.png,0
467_0343.png,0
073_0277.png,0
404_0731.png,0
982_0213.png,0
452_0514.png,0
381_0087.png,0
647_0528.png,0
429_0082.png,0
956_0502.png,0
288_0257.png,0
494_0379.png,0
316_0320.png,0
579_0469.png,0
927_0136.png,0
855_0171.png,0
640_0250.png,0
494_0586.png,0
599_0286.png,0
494_0724.png,0
046_0237.png,0
342_0161.png,0
801_0283.png,0
042_0276.png,0
223_0255.png,0
381_0394.png,0
423_1394.png,0
467_0208.png,0
820_0378.png,0
705_0444.png,0
661_0406.png,0
955_0227.png,0
388_0469.png,0
423_0545.png,0
727_0107.png,0
480_0180.png,0
649_0717.png,0
102_0116.png,0
471_0279.png,0
454_0036.png,0
915_0331.png,0
483_0316.png,0
801_0090.png,0
571_0277.png,0
647_0492.png,0
468_0085.png,0
325_0314.png,0
922_0291.png,0
145_0149.png,0
128_0074.png,0
362_0306.png,0
817_0384.png,0
927_0539.png,0
314_0213.png,0
308_0040.png,0
422_0026.png,0
138_0261.png,0
847_0152.png,0
257_0704.png,0
958_0214.png,0
669_0275.png,0
364_0583.png,0
220_0348.png,0
134_0304.png,0
485_0196.png,0
371_0103.png,0
354_0445.png,0
126_0322.png,0
656_0041.png,0
927_0139.png,0
521_0269.png,0
855_0016.png,0
746_0079.png,0
233_0574.png,0
583_0319.png,0
219_0174.png,0
949_0410.png,0
656_0341.png,0
705_0139.png,0
114_0599.png,0
347_0228.png,0
073_0581.png,0
047_0204.png,0
683_0181.png,0
904_0277.png,0
741_0219.png,0
768_0282.png,0
851_0005.png,0
314_0341.png,0
064_0128.png,0
493_0098.png,0
073_0128.png,0
634_0106.png,0
691_0087.png,0
161_0183.png,0
422_0181.png,0
192_0070.png,0
589_0328.png,0
741_0147.png,0
731_0673.png,0
507_0085.png,0
492_0079.png,0
742_0040.png,0
925_0155.png,0
261_0644.png,0
945_0094.png,0
384_0453.png,0
823_0605.png,0
453_0643.png,0
558_0072.png,0
416_0025.png,0
794_0823.png,0
035_0330.png,0
691_0467.png,0
707_0023.png,0
158_0317.png,0
707_0531.png,0
254_0053.png,0
583_0423.png,0
511_0102.png,0
630_0103.png,0
485_0518.png,0
851_0382.png,0
257_0368.png,0
453_0028.png,0
416_0060.png,0
462_0063.png,0
933_0195.png,0
656_0253.png,0
729_0461.png,0
384_0043.png,0
443_0107.png,0
128_0316.png,0
586_0030.png,0
480_0448.png,0
583_0300.png,0
419_0219.png,0
919_0116.png,0
727_0350.png,0
777_0017.png,0
482_0254.png,0
564_0447.png,0
706_0189.png,0
288_0207.png,0
480_0388.png,0
732_0377.png,0
494_0569.png,0
922_0174.png,0
380_0313.png,0
316_0322.png,0
249_0519.png,0
970_0044.png,0
198_0100.png,0
589_0533.png,0
135_0324.png,0
386_0262.png,0
364_0632.png,0
423_0470.png,0
973_0519.png,0
862_0465.png,0
564_0511.png,0
091_0312.png,0
650_0057.png,0
794_0846.png,0
729_0356.png,0
638_0609.png,0
455_0110.png,0
472_0095.png,0
705_0382.png,0
308_0310.png,0
823_0409.png,0
725_0181.png,0
953_0222.png,0
608_0356.png,0
701_0333.png,0
759_0038.png,0
701_0044.png,0
862_0208.png,0
425_0136.png,0
824_0453.png,0
485_0752.png,0
607_0438.png,0
560_0302.png,0
746_0348.png,0
821_0193.png,0
091_0216.png,0
675_0155.png,0
419_0472.png,0
263_0119.png,0
571_0213.png,0
951_0100.png,0
926_0097.png,0
511_0486.png,0
650_0023.png,0
801_0023.png,0
220_0296.png,0
724_0564.png,0
649_0141.png,0
381_0138.png,0
705_0416.png,0
558_0354.png,0
308_0222.png,0
452_0327.png,0
862_0129.png,0
895_0135.png,0
702_0700.png,0
470_0807.png,0
622_0305.png,0
220_0354.png,0
731_0698.png,0
775_0066.png,0
564_0496.png,0
695_0129.png,0
254_0081.png,0
949_0164.png,0
707_0227.png,0
455_0019.png,0
922_0551.png,0
571_0196.png,0
714_0048.png,0
682_0272.png,0
421_0968.png,0
923_0520.png,0
947_0464.png,0
557_0105.png,0
423_0622.png,0
381_0025.png,0
567_0337.png,0
046_0283.png,0
455_0052.png,0
932_0437.png,0
566_0257.png,0
354_0007.png,0
607_0347.png,0
384_0134.png,0
440_0015.png,0
956_0311.png,0
388_0147.png,0
470_0407.png,0
820_0309.png,0
321_0134.png,0
729_0372.png,0
352_0010.png,0
161_0109.png,0
634_0279.png,0
947_0304.png,0
493_0300.png,0
982_0116.png,0
682_0721.png,0
142_0426.png,0
319_0185.png,0
367_0098.png,0
429_0228.png,0
630_0398.png,0
837_0293.png,0
746_0022.png,0
389_0110.png,0
319_0347.png,0
924_0823.png,0
128_0519.png,0
073_0615.png,0
706_0225.png,0
706_0222.png,0
755_0010.png,0
816_0235.png,0
388_0613.png,0
169_0204.png,0
084_0289.png,0
288_0076.png,0
380_0047.png,0
564_0374.png,0
443_0144.png,0
325_1390.png,0
612_0007.png,0
741_0338.png,0
538_0527.png,0
404_0270.png,0
586_0363.png,0
319_0123.png,0
261_0388.png,0
388_0545.png,0
564_0257.png,0
607_0315.png,0
992_0206.png,0
714_0111.png,0
607_0186.png,0
106_0257.png,0
583_0417.png,0
423_1287.png,0
640_0160.png,0
421_0280.png,0
369_0093.png,0
695_0200.png,0
729_0404.png,0
073_0278.png,0
669_0443.png,0
073_0199.png,0
399_0595.png,0
982_0700.png,0
970_0336.png,0
416_0081.png,0
245_0259.png,0
649_0816.png,0
468_0246.png,0
325_1053.png,0
832_0001.png,0
666_0079.png,0
371_0157.png,0
142_0943.png,0
527_0291.png,0
376_0174.png,0
855_0296.png,0
705_0337.png,0
956_0035.png,0
979_0074.png,0
429_0239.png,0
223_0139.png,0
245_0141.png,0
746_0149.png,0
638_0312.png,0
104_0141.png,0
255_0223.png,0
483_0215.png,0
837_0385.png,0
186_0058.png,0
992_0618.png,0
423_0328.png,0
979_0210.png,0
974_0015.png,0
479_0101.png,0
842_0296.png,0
823_0318.png,0
567_0290.png,0
746_0103.png,0
364_0396.png,0
650_0061.png,0
015_0391.png,0
421_0123.png,0
933_0238.png,0
746_0327.png,0
423_0185.png,0
857_0127.png,0
278_0031.png,0
029_0135.png,0
455_0014.png,0
971_0210.png,0
389_0102.png,0
820_0118.png,0
669_0287.png,0
158_0103.png,0
683_0273.png,0
980_0018.png,0
731_0361.png,0
597_0053.png,0
668_0330.png,0
638_0659.png,0
638_0023.png,0
325_0249.png,0
821_0315.png,0
714_0056.png,0
906_0173.png,0
485_0628.png,0
566_0382.png,0
042_0037.png,0
793_0266.png,0
827_0229.png,0
364_0028.png,0
538_0253.png,0
003_0265.png,0
807_0077.png,0
924_0876.png,0
995_0360.png,0
169_0271.png,0
707_0302.png,0
890_0066.png,0
558_0422.png,0
857_0138.png,0
389_0097.png,0
912_0330.png,0
325_0170.png,0
249_0396.png,0
947_0149.png,0
349_0413.png,0
612_0339.png,0
223_0077.png,0
583_0052.png,0
707_0383.png,0
421_0231.png,0
851_0383.png,0
314_0091.png,0
927_0406.png,0
419_0041.png,0
720_0127.png,0
227_0315.png,0
325_0608.png,0
306_0158.png,0
350_0347.png,0
507_0000.png,0
794_0759.png,0
468_0443.png,0
306_0122.png,0
650_0055.png,0
832_0481.png,0
472_0214.png,0
364_0482.png,0
402_0341.png,0
705_0428.png,0
379_0250.png,0
947_0272.png,0
832_0112.png,0
851_0264.png,0
824_0380.png,0
419_0119.png,0
947_0126.png,0
418_0127.png,0
468_0088.png,0
029_0264.png,0
455_0286.png,0
672_0140.png,0
669_0181.png,0
586_0164.png,0
468_0270.png,0
821_0169.png,0
044_0322.png,0
890_0216.png,0
932_0132.png,0
161_0194.png,0
494_0365.png,0
142_0138.png,0
048_0400.png,0
467_0017.png,0
220_0246.png,0
170_0052.png,0
479_0265.png,0
371_0361.png,0
035_0086.png,0
924_0982.png,0
647_0371.png,0
895_0144.png,0
220_0292.png,0
862_0353.png,0
682_0018.png,0
538_0492.png,0
923_0477.png,0
732_0170.png,0
558_0011.png,0
739_0067.png,0
261_0006.png,0
724_0363.png,0
729_0426.png,0
319_0337.png,0
364_0630.png,0
927_0228.png,0
399_0616.png,0
832_0088.png,0
608_1191.png,0
161_0046.png,0
817_0288.png,0
219_0012.png,0
158_0123.png,0
583_0453.png,0
257_0501.png,0
705_0005.png,0
824_0173.png,0
364_0472.png,0
777_0057.png,0
384_0041.png,0
494_0165.png,0
566_0120.png,0
492_0094.png,0
325_1165.png,0
917_0301.png,0
851_0709.png,0
851_0174.png,0
488_0389.png,0
557_0307.png,0
104_0050.png,0
128_0640.png,0
073_0011.png,0
634_0083.png,0
608_0614.png,0
682_0377.png,0
762_0090.png,0
904_0268.png,0
779_0036.png,0
493_0229.png,0
926_0321.png,0
306_0621.png,0
354_0340.png,0
896_0343.png,0
443_0292.png,0
472_0391.png,0
029_0042.png,0
445_0947.png,0
599_0278.png,0
000_0319.png,0
915_0175.png,0
026_0068.png,0
695_0134.png,0
896_0060.png,0
584_0131.png,0
638_0047.png,0
102_0270.png,0
768_0141.png,0
249_0333.png,0
702_0699.png,0
855_0509.png,0
633_0319.png,0
922_0038.png,0
585_0080.png,0
909_0428.png,0
402_0331.png,0
949_0234.png,0
169_0437.png,0
865_0033.png,0
832_0494.png,0
595_0502.png,0
078_0472.png,0
261_0403.png,0
249_0508.png,0
922_0419.png,0
842_0087.png,0
362_0427.png,0
114_0412.png,0
923_0556.png,0
922_0242.png,0
046_0333.png,0
479_0343.png,0
971_0350.png,0
670_0241.png,0
566_0029.png,0
114_0596.png,0
926_0088.png,0
571_0566.png,0
661_0000.png,0
701_0274.png,0
128_0025.png,0
511_0327.png,0
376_0388.png,0
367_0333.png,0
493_0102.png,0
306_0551.png,0
634_0190.png,0
949_0510.png,0
483_0363.png,0
947_0147.png,0
114_1164.png,0
933_0298.png,0
024_0114.png,0
425_0274.png,0
453_0351.png,0
933_0281.png,0
666_0310.png,0
453_0621.png,0
682_0197.png,0
732_0115.png,0
493_0280.png,0
284_0274.png,0
589_0239.png,0
529_0133.png,0
924_0835.png,0
923_0562.png,0
706_0260.png,0
420_0497.png,0
630_0239.png,0
161_0332.png,0
927_0399.png,0
923_0100.png,0
402_0081.png,0
924_0426.png,0
923_0128.png,0
064_0156.png,0
371_0552.png,0
421_0885.png,0
741_0284.png,0
141_0197.png,0
106_0353.png,0
817_0252.png,0
557_0442.png,0
429_0378.png,0
612_0222.png,0
035_0029.png,0
421_0984.png,0
865_0131.png,0
104_0202.png,0
909_0037.png,0
454_0300.png,0
855_0311.png,0
026_0106.png,0
455_0139.png,0
227_0424.png,0
421_0043.png,0
350_0181.png,0
589_0061.png,0
807_0257.png,0
922_0181.png,0
585_0295.png,0
794_0462.png,0
868_0222.png,0
470_0261.png,0
325_0800.png,0
647_0696.png,0
991_0284.png,0
278_0223.png,0
227_0223.png,0
932_0454.png,0
445_0623.png,0
702_0448.png,0
900_0005.png,0
349_0091.png,0
314_0291.png,0
909_0475.png,0
379_0159.png,0
898_0192.png,0
775_0425.png,0
650_0309.png,0
705_0119.png,0
566_0544.png,0
851_0632.png,0
048_0444.png,0
550_0195.png,0
558_0176.png,0
371_0641.png,0
664_0255.png,0
423_1091.png,0
896_0206.png,0
445_0399.png,0
104_0104.png,0
319_0627.png,0
288_0185.png,0
807_0358.png,0
023_0187.png,0
416_0017.png,0
128_0700.png,0
586_0296.png,0
223_0037.png,0
249_0358.png,0
915_0279.png,0
625_0095.png,0
794_0722.png,0
362_0107.png,0
472_0143.png,0
857_0232.png,0
044_0193.png,0
724_0458.png,0
597_0092.png,0
220_0176.png,0
606_0357.png,0
421_0825.png,0
154_0196.png,0
633_0206.png,0
354_0228.png,0
647_0503.png,0
488_0122.png,0
691_0121.png,0
138_0136.png,0
927_0092.png,0
909_0446.png,0
660_0094.png,0
720_0023.png,0
649_0165.png,0
379_0078.png,0
114_0026.png,0
115_0061.png,0
418_0253.png,0
440_0022.png,0
443_0880.png,0
912_0590.png,0
142_0427.png,0
220_0130.png,0
583_0156.png,0
584_0181.png,0
423_1758.png,0
029_0192.png,0
142_0049.png,0
157_0370.png,0
004_0128.png,0
922_0018.png,0
955_0118.png,0
992_0459.png,0
623_0232.png,0
607_0168.png,0
589_0538.png,0
650_0380.png,0
682_0683.png,0
015_0117.png,0
707_0877.png,0
036_0314.png,0
801_0082.png,0
128_0664.png,0
192_0170.png,0
834_0299.png,0
104_0058.png,0
388_0596.png,0
420_1117.png,0
370_0079.png,0
922_0112.png,0
507_0119.png,0
586_0374.png,0
175_0461.png,0
558_0244.png,0
557_0136.png,0
158_0251.png,0
875_0420.png,0
064_0202.png,0
170_0019.png,0
824_0338.png,0
807_0638.png,0
421_0112.png,0
325_0342.png,0
823_0054.png,0
691_0484.png,0
924_0227.png,0
350_0025.png,0
923_0336.png,0
634_0290.png,0
429_0193.png,0
660_0044.png,0
794_0764.png,0
386_0213.png,0
973_0283.png,0
725_0161.png,0
443_0605.png,0
824_0028.png,0
263_0291.png,0
514_0086.png,0
116_0128.png,0
186_0015.png,0
278_0351.png,0
141_0471.png,0
261_0587.png,0
278_0348.png,0
255_0031.png,0
956_0469.png,0
933_0297.png,0
683_0199.png,0
254_0245.png,0
623_0081.png,0
762_0181.png,0
939_0243.png,0
622_0195.png,0
135_0170.png,0
381_0169.png,0
827_0140.png,0
857_0388.png,0
842_0399.png,0
261_0543.png,0
890_0071.png,0
423_0793.png,0
982_0579.png,0
638_0379.png,0
364_0448.png,0
759_0014.png,0
421_0067.png,0
367_0365.png,0
404_0216.png,0
923_0193.png,0
847_0158.png,0
817_0159.png,0
511_0401.png,0
949_0007.png,0
955_0326.png,0
421_0661.png,0
364_0056.png,0
945_0554.png,0
012_0067.png,0
465_0288.png,0
904_0318.png,0
947_0544.png,0
793_0522.png,0
102_0170.png,0
420_0425.png,0
470_0737.png,0
220_0153.png,0
980_0148.png,0
114_0376.png,0
420_0113.png,0
672_0048.png,0
370_0139.png,0
973_0451.png,0
493_0217.png,0
852_0065.png,0
325_1109.png,0
933_0313.png,0
571_0426.png,0
169_0286.png,0
571_0164.png,0
949_0294.png,0
895_0172.png,0
325_0130.png,0
550_0117.png,0
381_0086.png,0
308_0203.png,0
314_0223.png,0
350_0090.png,0
470_0007.png,0
036_0102.png,0
157_0308.png,0
371_0225.png,0
399_0458.png,0
683_0267.png,0
909_0058.png,0
702_0366.png,0
367_0066.png,0
945_0559.png,0
278_0269.png,0
299_0128.png,0
724_0327.png,0
647_0013.png,0
702_0527.png,0
192_0233.png,0
128_0509.png,0
675_0038.png,0
919_0357.png,0
868_0072.png,0
612_0107.png,0
982_0644.png,0
470_0366.png,0
219_0002.png,0
116_0195.png,0
273_0246.png,0
865_0332.png,0
691_0228.png,0
895_0034.png,0
702_0679.png,0
511_0703.png,0
048_0023.png,0
538_0174.png,0
102_0042.png,0
128_0652.png,0
924_0988.png,0
932_0464.png,0
527_0252.png,0
868_0088.png,0
817_0397.png,0
725_0630.png,0
358_0190.png,0
421_0396.png,0
823_0038.png,0
647_0234.png,0
349_0004.png,0
104_0421.png,0
701_0350.png,0
707_0778.png,0
724_0534.png,0
399_0703.png,0
912_0587.png,0
468_0529.png,0
517_0336.png,0
868_0278.png,0
706_0145.png,0
529_0101.png,0
951_0900.png,0
261_0141.png,0
701_0236.png,0
682_0036.png,0
175_0212.png,0
362_0200.png,0
364_0559.png,0
855_0092.png,0
583_0092.png,0
917_0044.png,0
868_0426.png,0
775_0093.png,0
352_0149.png,0
647_0197.png,0
821_0082.png,0
003_0057.png,0
900_0062.png,0
807_0575.png,0
314_0160.png,0
529_0111.png,0
044_0227.png,0
991_0201.png,0
389_0300.png,0
558_0109.png,0
175_0303.png,0
630_0067.png,0
342_0018.png,0
898_0210.png,0
982_0610.png,0
024_0035.png,0
745_0241.png,0
214_0009.png,0
947_0474.png,0
923_0311.png,0
702_0566.png,0
443_0114.png,0
759_0017.png,0
623_0004.png,0
471_0046.png,0
669_0027.png,0
649_0245.png,0
729_0264.png,0
362_0173.png,0
638_0645.png,0
632_0049.png,0
821_0249.png,0
263_0142.png,0
223_0322.png,0
638_0031.png,0
608_0275.png,0
707_0234.png,0
420_1089.png,0
971_0127.png,0
419_0213.png,0
416_0062.png,0
842_0277.png,0
951_0013.png,0
142_0180.png,0
273_0059.png,0
638_0444.png,0
325_0194.png,0
342_0254.png,0
024_0163.png,0
352_0298.png,0
142_0310.png,0
949_0167.png,0
649_0447.png,0
852_0412.png,0
691_0159.png,0
682_0077.png,0
314_0195.png,0
630_0340.png,0
732_0116.png,0
362_0442.png,0
015_0091.png,0
015_0032.png,0
192_0259.png,0
852_0246.png,0
485_0035.png,0
494_0753.png,0
422_0044.png,0
927_0321.png,0
128_0248.png,0
912_0440.png,0
633_0220.png,0
622_0166.png,0
047_0031.png,0
257_0073.png,0
308_0083.png,0
257_0329.png,0
837_0430.png,0
584_0416.png,0
419_0409.png,0
731_0118.png,0
514_0089.png,0
488_0477.png,0
947_0586.png,0
548_0095.png,0
552_0032.png,0
024_0072.png,0
638_0033.png,0
707_0053.png,0
895_0104.png,0
064_0242.png,0
091_0128.png,0
227_0198.png,0
939_0421.png,0
727_0016.png,0
488_0021.png,0
919_0445.png,0
073_0306.png,0
423_1128.png,0
923_0362.png,0
452_0543.png,0
091_0112.png,0
571_0398.png,0
982_0197.png,0
443_1084.png,0
584_0463.png,0
793_0282.png,0
857_0140.png,0
376_0414.png,0
073_0086.png,0
255_0397.png,0
762_0415.png,0
647_0044.png,0
904_0330.png,0
817_0236.png,0
924_0178.png,0
023_0023.png,0
354_0282.png,0
012_0226.png,0
306_0354.png,0
608_0757.png,0
608_0861.png,0
128_0637.png,0
660_0273.png,0
824_0243.png,0
128_0667.png,0
904_0102.png,0
404_0510.png,0
982_0067.png,0
321_0353.png,0
423_1282.png,0
807_0643.png,0
661_0458.png,0
273_0271.png,0
468_0154.png,0
794_0684.png,0
951_0705.png,0
370_0185.png,0
992_0054.png,0
608_1105.png,0
926_0123.png,0
468_0354.png,0
971_0060.png,0
922_0106.png,0
566_0305.png,0
855_0390.png,0
465_0191.png,0
369_0299.png,0
257_0683.png,0
933_0169.png,0
585_0342.png,0
402_0105.png,0
273_0037.png,0
672_0314.png,0
705_0068.png,0
306_0667.png,0
599_0057.png,0
367_0410.png,0
565_0067.png,0
170_0393.png,0
584_0047.png,0
995_0527.png,0
896_0167.png,0
470_0477.png,0
026_0108.png,0
159_0077.png,0
567_0002.png,0
632_0175.png,0
979_0049.png,0
707_0642.png,0
558_0498.png,0
670_0154.png,0
649_0521.png,0
566_0561.png,0
064_0041.png,0
453_0169.png,0
982_0143.png,0
949_0140.png,0
971_0162.png,0
376_0287.png,0
467_0305.png,0
801_0086.png,0
630_0420.png,0
857_0313.png,0
842_0222.png,0
044_0045.png,0
823_0001.png,0
661_0319.png,0
564_0020.png,0
529_0237.png,0
454_0287.png,0
471_0225.png,0
571_0334.png,0
691_0539.png,0
589_0391.png,0
198_0091.png,0
114_0727.png,0
467_0059.png,0
233_0007.png,0
220_0032.png,0
073_0663.png,0
731_0621.png,0
647_0548.png,0
157_0367.png,0
175_0262.png,0
445_0069.png,0
389_0234.png,0
494_0369.png,0
454_0136.png,0
932_0449.png,0
175_0233.png,0
388_0242.png,0
420_0562.png,0
420_0893.png,0
145_0401.png,0
371_0110.png,0
656_0264.png,0
701_0181.png,0
612_0235.png,0
325_1378.png,0
420_0086.png,0
462_0179.png,0
257_0528.png,0
807_0384.png,0
548_0510.png,0
423_1003.png,0
418_0084.png,0
973_0172.png,0
661_0496.png,0
669_0113.png,0
465_0151.png,0
927_0387.png,0
608_0396.png,0
284_0186.png,0
702_0086.png,0
992_0259.png,0
263_0269.png,0
325_0528.png,0
625_0086.png,0
494_0118.png,0
995_0504.png,0
762_0027.png,0
004_0138.png,0
381_0148.png,0
399_0792.png,0
607_0065.png,0
042_0326.png,0
012_0144.png,0
980_0000.png,0
254_0305.png,0
047_0190.png,0
452_0170.png,0
714_0518.png,0
048_0305.png,0
046_0245.png,0
660_0116.png,0
707_0016.png,0
035_0038.png,0
638_0517.png,0
321_0294.png,0
278_0442.png,0
664_0076.png,0
325_1058.png,0
384_0096.png,0
775_0515.png,0
443_0046.png,0
702_0628.png,0
379_0047.png,0
745_0013.png,0
453_0302.png,0
104_0178.png,0
982_0785.png,0
354_0196.png,0
370_0048.png,0
102_0267.png,0
102_0033.png,0
349_0036.png,0
467_0395.png,0
925_0297.png,0
821_0333.png,0
091_0048.png,0
919_0507.png,0
906_0026.png,0
420_0727.png,0
949_0397.png,0
035_0333.png,0
261_0196.png,0
832_0127.png,0
381_0561.png,0
